{
  "code": "000000",
  "data": [
    {
      "key":"DA_BusinessSystemManage",
      "cn":"业务系统管理",
      "icon":"icon-file-text",
      "code":"DA_BusinessSystemManage_Nav",
      "router":"/ConfigCenter/business"
    },
    {
      "key": "CC_DataSource_Manage",
      "router": "/ConfigCenter/datasource",
      "icon": "icon-database",
      "cn": "数据源管理",
      "code": "CC_DataSource_Manage_Nav"
    },
    {
      "key":"DA_DataAsset_Desensitization",
      "code": "DA_DataAsset_Desensitization",
      "router": "/DataAssetManage/dataAsset/Desensitization",
      "cn": "数据脱敏策略",
      "icon": "icon-settings-4-line"
    },
    {
      "key": "CC_Message_Group",
      "router": "/ConfigCenter/message",
      "icon": "icon-bell",
      "cn": "消息组设置",
      "code": "CC_Message_Group_Nav"
    }
  ],
  "msg": ""
}